"Transaction id",Coin,Exchange,Pair,Wallet,Type,Quantity,"Buy Price",Value,"Transaction time"
1718713060,BTC,,,,Sell,30,577.52691185171,17325.807355551,"26 Jan 2024 02:09"
1718713060,BTC,,,,Sell,30,577.52691185171,17325.807355551,"26 Jan 2024 02:09"
1718713060,BTC,,,,Sell,30,577.52691185171,17325.807355551,"26 Jan 2024 02:09"
7612813059,BTC,,,,Buy,30,565.43728730234,16963.11861907,"25 Jan 2024 05:06"
7612813059,BTC,,,,Buy,30,565.43728730234,16963.11861907,"25 Jan 2024 05:06"
7612813059,BTC,,,,Buy,30,565.43728730234,16963.11861907,"25 Jan 2024 05:06"
4484613058,BTC,,,,Sell,30,48000,1440000,"25 Jan 2024 04:53"
4484613058,BTC,,,,Sell,30,48000,1440000,"25 Jan 2024 04:53"
4484613058,BTC,,,,Sell,30,48000,1440000,"25 Jan 2024 04:53"
7984213057,BTC,,,,Sell,30,31,930,"25 Jan 2024 04:43"
7984213057,BTC,,,,Sell,30,31,930,"25 Jan 2024 04:43"
7984213057,BTC,,,,Sell,30,31,930,"25 Jan 2024 04:43"
9815913056,ETH,,,,Sell,30,180000,5400000,"25 Jan 2024 04:42"
9815913056,ETH,,,,Sell,30,180000,5400000,"25 Jan 2024 04:42"
9815913056,ETH,,,,Sell,30,180000,5400000,"25 Jan 2024 04:42"
9815913056,ETH,,,,Sell,30,180000,5400000,"25 Jan 2024 04:42"
9815913056,ETH,,,,Sell,30,180000,5400000,"25 Jan 2024 04:42"
9815913056,ETH,,,,Sell,30,180000,5400000,"25 Jan 2024 04:42"
1189413028,BTC,,,,Buy,30000,39000,1170000000,"20 Jan 2024 04:44"
1189413028,BTC,,,,Buy,30000,39000,1170000000,"20 Jan 2024 04:44"
1189413028,BTC,,,,Buy,30000,39000,1170000000,"20 Jan 2024 04:44"
2760013027,FDUSD,,,,Buy,30000,39000,1170000000,"20 Jan 2024 04:42"
1476613025,USDT,,,,Sell,11,2500,27500,"20 Jan 2024 04:38"
1476613025,USDT,,,,Sell,11,2500,27500,"20 Jan 2024 04:38"
1476613025,USDT,,,,Sell,11,2500,27500,"20 Jan 2024 04:38"
1476613025,USDT,,,,Sell,11,2500,27500,"20 Jan 2024 04:38"
1476613025,USDT,,,,Sell,11,2500,27500,"20 Jan 2024 04:38"
1476613025,USDT,,,,Sell,11,2500,27500,"20 Jan 2024 04:38"
1476613025,USDT,,,,Sell,11,2500,27500,"20 Jan 2024 04:38"
1476613025,USDT,,,,Sell,11,2500,27500,"20 Jan 2024 04:38"
1476613025,USDT,,,,Sell,11,2500,27500,"20 Jan 2024 04:38"
1476613025,USDT,,,,Sell,11,2500,27500,"20 Jan 2024 04:38"
1476613025,USDT,,,,Sell,11,2500,27500,"20 Jan 2024 04:38"
2829913024,FDUSD,,,,Buy,30000,2000,60000000,"20 Jan 2024 04:36"
2033413023,FDUSD,,,,Buy,30000,2000,60000000,"20 Jan 2024 04:33"
9844713022,FDT,,,,Buy,30000,1000,30000000,"20 Jan 2024 04:30"
9844713022,FDT,,,,Buy,30000,1000,30000000,"20 Jan 2024 04:30"
6337113008,FIO,,,,Buy,300000,1000,300000000,"19 Jan 2024 04:36"
9241213006,FIO,,,,Buy,300000,1000,300000000,"19 Jan 2024 04:31"
6401413005,FIO,,,,Buy,30000,1000,30000000,"19 Jan 2024 04:30"
5743213004,ETH,,,,Buy,30000,200,6000000,"19 Jan 2024 04:02"
5743213004,ETH,,,,Buy,30000,200,6000000,"19 Jan 2024 04:02"
5743213004,ETH,,,,Buy,30000,200,6000000,"19 Jan 2024 04:02"
5743213004,ETH,,,,Buy,30000,200,6000000,"19 Jan 2024 04:02"
5743213004,ETH,,,,Buy,30000,200,6000000,"19 Jan 2024 04:02"
5743213004,ETH,,,,Buy,30000,200,6000000,"19 Jan 2024 04:02"
2489013003,XAUT,,,,Buy,30000,3000,90000000,"19 Jan 2024 02:59"
1267212982,BTC,,,,Buy,11111,39000,433329000,"17 Jan 2024 03:29"
1267212982,BTC,,,,Buy,11111,39000,433329000,"17 Jan 2024 03:29"
1267212982,BTC,,,,Buy,11111,39000,433329000,"17 Jan 2024 03:29"
9030412981,USDT,,,,Buy,1111111,3000,3333333000,"17 Jan 2024 03:27"
9030412981,USDT,,,,Buy,1111111,3000,3333333000,"17 Jan 2024 03:27"
9030412981,USDT,,,,Buy,1111111,3000,3333333000,"17 Jan 2024 03:27"
9030412981,USDT,,,,Buy,1111111,3000,3333333000,"17 Jan 2024 03:27"
9030412981,USDT,,,,Buy,1111111,3000,3333333000,"17 Jan 2024 03:27"
9030412981,USDT,,,,Buy,1111111,3000,3333333000,"17 Jan 2024 03:27"
9030412981,USDT,,,,Buy,1111111,3000,3333333000,"17 Jan 2024 03:27"
9030412981,USDT,,,,Buy,1111111,3000,3333333000,"17 Jan 2024 03:27"
9030412981,USDT,,,,Buy,1111111,3000,3333333000,"17 Jan 2024 03:27"
9030412981,USDT,,,,Buy,1111111,3000,3333333000,"17 Jan 2024 03:27"
9030412981,USDT,,,,Buy,1111111,3000,3333333000,"17 Jan 2024 03:27"
7119312980,ETH,,,,Buy,111111,3900,433332900,"17 Jan 2024 03:26"
7119312980,ETH,,,,Buy,111111,3900,433332900,"17 Jan 2024 03:26"
7119312980,ETH,,,,Buy,111111,3900,433332900,"17 Jan 2024 03:26"
7119312980,ETH,,,,Buy,111111,3900,433332900,"17 Jan 2024 03:26"
7119312980,ETH,,,,Buy,111111,3900,433332900,"17 Jan 2024 03:26"
7119312980,ETH,,,,Buy,111111,3900,433332900,"17 Jan 2024 03:26"
6889612979,BTC,,,,Buy,3000,47000,141000000,"17 Jan 2024 02:34"
6889612979,BTC,,,,Buy,3000,47000,141000000,"17 Jan 2024 02:34"
6889612979,BTC,,,,Buy,3000,47000,141000000,"17 Jan 2024 02:34"
9493912978,BTC,,,,Sell,30000,47000,1410000000,"17 Jan 2024 02:33"
9493912978,BTC,,,,Sell,30000,47000,1410000000,"17 Jan 2024 02:33"
9493912978,BTC,,,,Sell,30000,47000,1410000000,"17 Jan 2024 02:33"
1080812977,BTC,,,,Sell,27000,47000,1269000000,"17 Jan 2024 01:54"
1080812977,BTC,,,,Sell,27000,47000,1269000000,"17 Jan 2024 01:54"
1080812977,BTC,,,,Sell,27000,47000,1269000000,"17 Jan 2024 01:54"
1790612976,BTC,,,,Sell,3000,47000,141000000,"17 Jan 2024 01:54"
1790612976,BTC,,,,Sell,3000,47000,141000000,"17 Jan 2024 01:54"
1790612976,BTC,,,,Sell,3000,47000,141000000,"17 Jan 2024 01:54"
3843212969,BTC,,,,Buy,1111,39000,43329000,"16 Jan 2024 03:37"
3843212969,BTC,,,,Buy,1111,39000,43329000,"16 Jan 2024 03:37"
3843212969,BTC,,,,Buy,1111,39000,43329000,"16 Jan 2024 03:37"
4533112968,BTC,,,,Buy,111110,39000,4333290000,"16 Jan 2024 03:36"
4533112968,BTC,,,,Buy,111110,39000,4333290000,"16 Jan 2024 03:36"
4533112968,BTC,,,,Buy,111110,39000,4333290000,"16 Jan 2024 03:36"
4362212967,BTC,,,,Buy,11111,39000,433329000,"16 Jan 2024 02:58"
4362212967,BTC,,,,Buy,11111,39000,433329000,"16 Jan 2024 02:58"
4362212967,BTC,,,,Buy,11111,39000,433329000,"16 Jan 2024 02:58"
4312612966,USDT,,,,Buy,11111,30000,333330000,"16 Jan 2024 02:53"
4312612966,USDT,,,,Buy,11111,30000,333330000,"16 Jan 2024 02:53"
4312612966,USDT,,,,Buy,11111,30000,333330000,"16 Jan 2024 02:53"
4312612966,USDT,,,,Buy,11111,30000,333330000,"16 Jan 2024 02:53"
4312612966,USDT,,,,Buy,11111,30000,333330000,"16 Jan 2024 02:53"
4312612966,USDT,,,,Buy,11111,30000,333330000,"16 Jan 2024 02:53"
4312612966,USDT,,,,Buy,11111,30000,333330000,"16 Jan 2024 02:53"
4312612966,USDT,,,,Buy,11111,30000,333330000,"16 Jan 2024 02:53"
4312612966,USDT,,,,Buy,11111,30000,333330000,"16 Jan 2024 02:53"
4312612966,USDT,,,,Buy,11111,30000,333330000,"16 Jan 2024 02:53"
4312612966,USDT,,,,Buy,11111,30000,333330000,"16 Jan 2024 02:53"
7526112965,ETH,,,,Sell,30,400000,12000000,"16 Jan 2024 02:47"
7526112965,ETH,,,,Sell,30,400000,12000000,"16 Jan 2024 02:47"
7526112965,ETH,,,,Sell,30,400000,12000000,"16 Jan 2024 02:47"
7526112965,ETH,,,,Sell,30,400000,12000000,"16 Jan 2024 02:47"
7526112965,ETH,,,,Sell,30,400000,12000000,"16 Jan 2024 02:47"
7526112965,ETH,,,,Sell,30,400000,12000000,"16 Jan 2024 02:47"
2046312964,BTC,,,,Buy,11111,39000,433329000,"16 Jan 2024 02:46"
2046312964,BTC,,,,Buy,11111,39000,433329000,"16 Jan 2024 02:46"
2046312964,BTC,,,,Buy,11111,39000,433329000,"16 Jan 2024 02:46"
6920412963,BTC,,,,Buy,30000,9.9493021446589,298479.06433977,"16 Jan 2024 02:29"
6920412963,BTC,,,,Buy,30000,9.9493021446589,298479.06433977,"16 Jan 2024 02:29"
6920412963,BTC,,,,Buy,30000,9.9493021446589,298479.06433977,"16 Jan 2024 02:29"
1082112962,BTC,,,,Buy,300000,22959.928026136,6887978407.8408,"16 Jan 2024 02:26"
1082112962,BTC,,,,Buy,300000,22959.928026136,6887978407.8408,"16 Jan 2024 02:26"
1082112962,BTC,,,,Buy,300000,22959.928026136,6887978407.8408,"16 Jan 2024 02:26"
1904412961,BTC,,,,Buy,30000,76.533093420453,2295992.8026136,"16 Jan 2024 02:16"
1904412961,BTC,,,,Buy,30000,76.533093420453,2295992.8026136,"16 Jan 2024 02:16"
1904412961,BTC,,,,Buy,30000,76.533093420453,2295992.8026136,"16 Jan 2024 02:16"
4002612960,ETH,,,,Buy,111,0.076533093420453,8.4951733696703,"16 Jan 2024 02:10"
4002612960,ETH,,,,Buy,111,0.076533093420453,8.4951733696703,"16 Jan 2024 02:10"
4002612960,ETH,,,,Buy,111,0.076533093420453,8.4951733696703,"16 Jan 2024 02:10"
4002612960,ETH,,,,Buy,111,0.076533093420453,8.4951733696703,"16 Jan 2024 02:10"
4002612960,ETH,,,,Buy,111,0.076533093420453,8.4951733696703,"16 Jan 2024 02:10"
4002612960,ETH,,,,Buy,111,0.076533093420453,8.4951733696703,"16 Jan 2024 02:10"
3515312856,SOL,,,,Buy,1111,0.10822639923747,120.23952955283,"06 Jan 2024 02:13"
3515312856,SOL,,,,Buy,1111,0.10822639923747,120.23952955283,"06 Jan 2024 02:13"
3515312856,SOL,,,,Buy,1111,0.10822639923747,120.23952955283,"06 Jan 2024 02:13"
4673712706,BTC,,,,Buy,3000,35,105000,"23 Dec 2023 05:54"
4673712706,BTC,,,,Buy,3000,35,105000,"23 Dec 2023 05:54"
4673712706,BTC,,,,Buy,3000,35,105000,"23 Dec 2023 05:54"
7144212705,USDT,,,,Buy,30,72000,2160000,"23 Dec 2023 05:00"
7144212705,USDT,,,,Buy,30,72000,2160000,"23 Dec 2023 05:00"
7144212705,USDT,,,,Buy,30,72000,2160000,"23 Dec 2023 05:00"
7144212705,USDT,,,,Buy,30,72000,2160000,"23 Dec 2023 05:00"
7144212705,USDT,,,,Buy,30,72000,2160000,"23 Dec 2023 05:00"
7144212705,USDT,,,,Buy,30,72000,2160000,"23 Dec 2023 05:00"
7144212705,USDT,,,,Buy,30,72000,2160000,"23 Dec 2023 05:00"
7144212705,USDT,,,,Buy,30,72000,2160000,"23 Dec 2023 05:00"
7144212705,USDT,,,,Buy,30,72000,2160000,"23 Dec 2023 05:00"
7144212705,USDT,,,,Buy,30,72000,2160000,"23 Dec 2023 05:00"
7144212705,USDT,,,,Buy,30,72000,2160000,"23 Dec 2023 05:00"
4163412704,BTC,,,,Buy,300000,39000,11700000000,"23 Dec 2023 04:41"
4163412704,BTC,,,,Buy,300000,39000,11700000000,"23 Dec 2023 04:41"
4163412704,BTC,,,,Buy,300000,39000,11700000000,"23 Dec 2023 04:41"
8944912703,BTC,,,,Buy,30000,35000,1050000000,"23 Dec 2023 04:19"
8944912703,BTC,,,,Buy,30000,35000,1050000000,"23 Dec 2023 04:19"
8944912703,BTC,,,,Buy,30000,35000,1050000000,"23 Dec 2023 04:19"
1578312702,BTC,,,,Buy,300000,35000,10500000000,"23 Dec 2023 04:09"
1578312702,BTC,,,,Buy,300000,35000,10500000000,"23 Dec 2023 04:09"
1578312702,BTC,,,,Buy,300000,35000,10500000000,"23 Dec 2023 04:09"
6197612701,BTC,,,,Buy,30000,35000,1050000000,"23 Dec 2023 04:05"
6197612701,BTC,,,,Buy,30000,35000,1050000000,"23 Dec 2023 04:05"
6197612701,BTC,,,,Buy,30000,35000,1050000000,"23 Dec 2023 04:05"
8261612700,BTC,,,,Buy,1111,36,39996,"23 Dec 2023 03:55"
8261612700,BTC,,,,Buy,1111,36,39996,"23 Dec 2023 03:55"
8261612700,BTC,,,,Buy,1111,36,39996,"23 Dec 2023 03:55"
1164712699,BTC,,,,Buy,30,9.9220346564296,297.66103969289,"23 Dec 2023 03:23"
1164712699,BTC,,,,Buy,30,9.9220346564296,297.66103969289,"23 Dec 2023 03:23"
1164712699,BTC,,,,Buy,30,9.9220346564296,297.66103969289,"23 Dec 2023 03:23"
3677712698,ETH,,,,Buy,30,0.0027985225954032,0.083955677862096,"23 Dec 2023 03:06"
3677712698,ETH,,,,Buy,30,0.0027985225954032,0.083955677862096,"23 Dec 2023 03:06"
3677712698,ETH,,,,Buy,30,0.0027985225954032,0.083955677862096,"23 Dec 2023 03:06"
3677712698,ETH,,,,Buy,30,0.0027985225954032,0.083955677862096,"23 Dec 2023 03:06"
3677712698,ETH,,,,Buy,30,0.0027985225954032,0.083955677862096,"23 Dec 2023 03:06"
3677712698,ETH,,,,Buy,30,0.0027985225954032,0.083955677862096,"23 Dec 2023 03:06"
4022612697,ETH,,,,Buy,30,0.25441114503666,7.6323343510998,"23 Dec 2023 03:01"
4022612697,ETH,,,,Buy,30,0.25441114503666,7.6323343510998,"23 Dec 2023 03:01"
4022612697,ETH,,,,Buy,30,0.25441114503666,7.6323343510998,"23 Dec 2023 03:01"
4022612697,ETH,,,,Buy,30,0.25441114503666,7.6323343510998,"23 Dec 2023 03:01"
4022612697,ETH,,,,Buy,30,0.25441114503666,7.6323343510998,"23 Dec 2023 03:01"
4022612697,ETH,,,,Buy,30,0.25441114503666,7.6323343510998,"23 Dec 2023 03:01"
5002612676,BTC,,,,Buy,30,468.67451073175,14060.235321952,"22 Dec 2023 06:07"
5002612676,BTC,,,,Buy,30,468.67451073175,14060.235321952,"22 Dec 2023 06:07"
5002612676,BTC,,,,Buy,30,468.67451073175,14060.235321952,"22 Dec 2023 06:07"
6124812675,BTC,,,,Buy,30,348.50155926207,10455.046777862,"22 Dec 2023 06:03"
6124812675,BTC,,,,Buy,30,348.50155926207,10455.046777862,"22 Dec 2023 06:03"
6124812675,BTC,,,,Buy,30,348.50155926207,10455.046777862,"22 Dec 2023 06:03"
3308012674,ETH,,,,Buy,30,240.34590293936,7210.3770881808,"22 Dec 2023 06:02"
3308012674,ETH,,,,Buy,30,240.34590293936,7210.3770881808,"22 Dec 2023 06:02"
3308012674,ETH,,,,Buy,30,240.34590293936,7210.3770881808,"22 Dec 2023 06:02"
3308012674,ETH,,,,Buy,30,240.34590293936,7210.3770881808,"22 Dec 2023 06:02"
3308012674,ETH,,,,Buy,30,240.34590293936,7210.3770881808,"22 Dec 2023 06:02"
3308012674,ETH,,,,Buy,30,240.34590293936,7210.3770881808,"22 Dec 2023 06:02"
8157212673,ETH,,,,Buy,39,468.67451073175,18278.305918538,"22 Dec 2023 06:01"
8157212673,ETH,,,,Buy,39,468.67451073175,18278.305918538,"22 Dec 2023 06:01"
8157212673,ETH,,,,Buy,39,468.67451073175,18278.305918538,"22 Dec 2023 06:01"
8157212673,ETH,,,,Buy,39,468.67451073175,18278.305918538,"22 Dec 2023 06:01"
8157212673,ETH,,,,Buy,39,468.67451073175,18278.305918538,"22 Dec 2023 06:01"
8157212673,ETH,,,,Buy,39,468.67451073175,18278.305918538,"22 Dec 2023 06:01"
7637512672,ETH,,,,Buy,111,0.012017295146968,1.3339197613134,"22 Dec 2023 06:00"
7637512672,ETH,,,,Buy,111,0.012017295146968,1.3339197613134,"22 Dec 2023 06:00"
7637512672,ETH,,,,Buy,111,0.012017295146968,1.3339197613134,"22 Dec 2023 06:00"
7637512672,ETH,,,,Buy,111,0.012017295146968,1.3339197613134,"22 Dec 2023 06:00"
7637512672,ETH,,,,Buy,111,0.012017295146968,1.3339197613134,"22 Dec 2023 06:00"
7637512672,ETH,,,,Buy,111,0.012017295146968,1.3339197613134,"22 Dec 2023 06:00"
4778212671,BCH,,,,Buy,1111,432.76770914317,480804.92485806,"22 Dec 2023 06:00"
4778212671,BCH,,,,Buy,1111,432.76770914317,480804.92485806,"22 Dec 2023 06:00"
1468712670,BNB,,,,Buy,111111,1.3223457779375,146927.16173241,"22 Dec 2023 06:00"
1468712670,BNB,,,,Buy,111111,1.3223457779375,146927.16173241,"22 Dec 2023 06:00"
1468712670,BNB,,,,Buy,111111,1.3223457779375,146927.16173241,"22 Dec 2023 06:00"
1468712670,BNB,,,,Buy,111111,1.3223457779375,146927.16173241,"22 Dec 2023 06:00"
1468712670,BNB,,,,Buy,111111,1.3223457779375,146927.16173241,"22 Dec 2023 06:00"
7351712669,USDT,,,,Buy,1111,0.00032460824268165,0.36063975761931,"22 Dec 2023 06:00"
7351712669,USDT,,,,Buy,1111,0.00032460824268165,0.36063975761931,"22 Dec 2023 06:00"
7351712669,USDT,,,,Buy,1111,0.00032460824268165,0.36063975761931,"22 Dec 2023 06:00"
7351712669,USDT,,,,Buy,1111,0.00032460824268165,0.36063975761931,"22 Dec 2023 06:00"
7351712669,USDT,,,,Buy,1111,0.00032460824268165,0.36063975761931,"22 Dec 2023 06:00"
7351712669,USDT,,,,Buy,1111,0.00032460824268165,0.36063975761931,"22 Dec 2023 06:00"
7351712669,USDT,,,,Buy,1111,0.00032460824268165,0.36063975761931,"22 Dec 2023 06:00"
7351712669,USDT,,,,Buy,1111,0.00032460824268165,0.36063975761931,"22 Dec 2023 06:00"
7351712669,USDT,,,,Buy,1111,0.00032460824268165,0.36063975761931,"22 Dec 2023 06:00"
7351712669,USDT,,,,Buy,1111,0.00032460824268165,0.36063975761931,"22 Dec 2023 06:00"
7351712669,USDT,,,,Buy,1111,0.00032460824268165,0.36063975761931,"22 Dec 2023 06:00"
4187612668,BTC,,,,Buy,111,0.0041154086455056,0.45681035965112,"22 Dec 2023 06:00"
4187612668,BTC,,,,Buy,111,0.0041154086455056,0.45681035965112,"22 Dec 2023 06:00"
4187612668,BTC,,,,Buy,111,0.0041154086455056,0.45681035965112,"22 Dec 2023 06:00"
3152212667,BTC,,,,Buy,11111,7.5284006154464E-7,0.0083648059238225,"22 Dec 2023 06:00"
3152212667,BTC,,,,Buy,11111,7.5284006154464E-7,0.0083648059238225,"22 Dec 2023 06:00"
3152212667,BTC,,,,Buy,11111,7.5284006154464E-7,0.0083648059238225,"22 Dec 2023 06:00"
8004912666,ETH,,,,Buy,11,0.27241992999334,2.9966192299267,"22 Dec 2023 06:00"
8004912666,ETH,,,,Buy,11,0.27241992999334,2.9966192299267,"22 Dec 2023 06:00"
8004912666,ETH,,,,Buy,11,0.27241992999334,2.9966192299267,"22 Dec 2023 06:00"
8004912666,ETH,,,,Buy,11,0.27241992999334,2.9966192299267,"22 Dec 2023 06:00"
8004912666,ETH,,,,Buy,11,0.27241992999334,2.9966192299267,"22 Dec 2023 06:00"
8004912666,ETH,,,,Buy,11,0.27241992999334,2.9966192299267,"22 Dec 2023 06:00"
2658712665,BTC,,,,Buy,111,7.356073717192,816.52418260831,"22 Dec 2023 06:00"
2658712665,BTC,,,,Buy,111,7.356073717192,816.52418260831,"22 Dec 2023 06:00"
2658712665,BTC,,,,Buy,111,7.356073717192,816.52418260831,"22 Dec 2023 06:00"
7472012664,BTC,,,,Buy,11111,7.356073717192,81733.33507172,"22 Dec 2023 06:00"
7472012664,BTC,,,,Buy,11111,7.356073717192,81733.33507172,"22 Dec 2023 06:00"
7472012664,BTC,,,,Buy,11111,7.356073717192,81733.33507172,"22 Dec 2023 06:00"
9793512663,BTC,,,,Buy,1111,360.24741792663,400234.88131649,"22 Dec 2023 06:00"
9793512663,BTC,,,,Buy,1111,360.24741792663,400234.88131649,"22 Dec 2023 06:00"
9793512663,BTC,,,,Buy,1111,360.24741792663,400234.88131649,"22 Dec 2023 06:00"
3708412662,BTC,,,,Buy,1111,420.28865424774,466940.69486924,"22 Dec 2023 06:00"
3708412662,BTC,,,,Buy,1111,420.28865424774,466940.69486924,"22 Dec 2023 06:00"
3708412662,BTC,,,,Buy,1111,420.28865424774,466940.69486924,"22 Dec 2023 06:00"
7382712661,BNB,,,,Buy,99999999.99,0.026879180083302,2687918.0080614,"22 Dec 2023 06:00"
7382712661,BNB,,,,Buy,99999999.99,0.026879180083302,2687918.0080614,"22 Dec 2023 06:00"
7382712661,BNB,,,,Buy,99999999.99,0.026879180083302,2687918.0080614,"22 Dec 2023 06:00"
7382712661,BNB,,,,Buy,99999999.99,0.026879180083302,2687918.0080614,"22 Dec 2023 06:00"
7382712661,BNB,,,,Buy,99999999.99,0.026879180083302,2687918.0080614,"22 Dec 2023 06:00"
6415212660,BNB,,,,Buy,99999999.99,0.026879180083302,2687918.0080614,"22 Dec 2023 06:00"
6415212660,BNB,,,,Buy,99999999.99,0.026879180083302,2687918.0080614,"22 Dec 2023 06:00"
6415212660,BNB,,,,Buy,99999999.99,0.026879180083302,2687918.0080614,"22 Dec 2023 06:00"
6415212660,BNB,,,,Buy,99999999.99,0.026879180083302,2687918.0080614,"22 Dec 2023 06:00"
6415212660,BNB,,,,Buy,99999999.99,0.026879180083302,2687918.0080614,"22 Dec 2023 06:00"
3894712659,BSV,,,,Buy,11111,1111,12344321,"22 Dec 2023 06:00"
3894712659,BSV,,,,Buy,11111,1111,12344321,"22 Dec 2023 06:00"
5449412658,BCH,,,,Buy,11111,11111,123454321,"22 Dec 2023 06:00"
5449412658,BCH,,,,Buy,11111,11111,123454321,"22 Dec 2023 06:00"
3750212657,ETH,,,,Buy,11111,1111,12344321,"22 Dec 2023 06:00"
3750212657,ETH,,,,Buy,11111,1111,12344321,"22 Dec 2023 06:00"
3750212657,ETH,,,,Buy,11111,1111,12344321,"22 Dec 2023 06:00"
3750212657,ETH,,,,Buy,11111,1111,12344321,"22 Dec 2023 06:00"
3750212657,ETH,,,,Buy,11111,1111,12344321,"22 Dec 2023 06:00"
3750212657,ETH,,,,Buy,11111,1111,12344321,"22 Dec 2023 06:00"
3111212656,BTC,,,,Buy,11111,35,388885,"22 Dec 2023 06:00"
3111212656,BTC,,,,Buy,11111,35,388885,"22 Dec 2023 06:00"
3111212656,BTC,,,,Buy,11111,35,388885,"22 Dec 2023 06:00"
7412912655,BCH,,,,Buy,111111,3.15,349999.65,"22 Dec 2023 06:00"
7412912655,BCH,,,,Buy,111111,3.15,349999.65,"22 Dec 2023 06:00"
1114012654,USDC,,,,Buy,111111,111,12333321,"22 Dec 2023 06:00"
1114012654,USDC,,,,Buy,111111,111,12333321,"22 Dec 2023 06:00"
1114012654,USDC,,,,Buy,111111,111,12333321,"22 Dec 2023 06:00"
1114012654,USDC,,,,Buy,111111,111,12333321,"22 Dec 2023 06:00"
1114012654,USDC,,,,Buy,111111,111,12333321,"22 Dec 2023 06:00"
1114012654,USDC,,,,Buy,111111,111,12333321,"22 Dec 2023 06:00"
1114012654,USDC,,,,Buy,111111,111,12333321,"22 Dec 2023 06:00"
1114012654,USDC,,,,Buy,111111,111,12333321,"22 Dec 2023 06:00"
1114012654,USDC,,,,Buy,111111,111,12333321,"22 Dec 2023 06:00"
1114012654,USDC,,,,Buy,111111,111,12333321,"22 Dec 2023 06:00"
1114012654,USDC,,,,Buy,111111,111,12333321,"22 Dec 2023 06:00"
1114012654,USDC,,,,Buy,111111,111,12333321,"22 Dec 2023 06:00"
9948912653,PYUSD,,,,Buy,111111,30,3333330,"22 Dec 2023 06:00"
2226512652,BCH,,,,Buy,30000,28,840000,"22 Dec 2023 06:00"
2226512652,BCH,,,,Buy,30000,28,840000,"22 Dec 2023 06:00"
2560812651,BTG,,,,Buy,100000,28,2800000,"22 Dec 2023 06:00"
2042312650,BTC,,,,Buy,10000,28,280000,"22 Dec 2023 06:00"
2042312650,BTC,,,,Buy,10000,28,280000,"22 Dec 2023 06:00"
2042312650,BTC,,,,Buy,10000,28,280000,"22 Dec 2023 06:00"
5173912649,BTC,,,,Buy,30,28,840,"22 Dec 2023 06:00"
5173912649,BTC,,,,Buy,30,28,840,"22 Dec 2023 06:00"
5173912649,BTC,,,,Buy,30,28,840,"22 Dec 2023 06:00"
9019512648,BTC,,,,Sell,10,27,270,"22 Dec 2023 06:00"
9019512648,BTC,,,,Sell,10,27,270,"22 Dec 2023 06:00"
9019512648,BTC,,,,Sell,10,27,270,"22 Dec 2023 06:00"
8286012647,ETH,,,,Buy,11111,0.36067424443254,4007.45152989,"22 Dec 2023 06:00"
8286012647,ETH,,,,Buy,11111,0.36067424443254,4007.45152989,"22 Dec 2023 06:00"
8286012647,ETH,,,,Buy,11111,0.36067424443254,4007.45152989,"22 Dec 2023 06:00"
8286012647,ETH,,,,Buy,11111,0.36067424443254,4007.45152989,"22 Dec 2023 06:00"
8286012647,ETH,,,,Buy,11111,0.36067424443254,4007.45152989,"22 Dec 2023 06:00"
8286012647,ETH,,,,Buy,11111,0.36067424443254,4007.45152989,"22 Dec 2023 06:00"
3879312646,BTC,,,,Buy,10,229.07440293204,2290.7440293204,"22 Dec 2023 06:00"
3879312646,BTC,,,,Buy,10,229.07440293204,2290.7440293204,"22 Dec 2023 06:00"
3879312646,BTC,,,,Buy,10,229.07440293204,2290.7440293204,"22 Dec 2023 06:00"
2163412645,BCH,,,,Buy,11111,0.0010851001280478,12.056547522739,"22 Dec 2023 06:00"
2163412645,BCH,,,,Buy,11111,0.0010851001280478,12.056547522739,"22 Dec 2023 06:00"
1178012644,ETH,,,,Buy,11111,0.0010851001280478,12.056547522739,"22 Dec 2023 06:00"
1178012644,ETH,,,,Buy,11111,0.0010851001280478,12.056547522739,"22 Dec 2023 06:00"
1178012644,ETH,,,,Buy,11111,0.0010851001280478,12.056547522739,"22 Dec 2023 06:00"
1178012644,ETH,,,,Buy,11111,0.0010851001280478,12.056547522739,"22 Dec 2023 06:00"
1178012644,ETH,,,,Buy,11111,0.0010851001280478,12.056547522739,"22 Dec 2023 06:00"
1178012644,ETH,,,,Buy,11111,0.0010851001280478,12.056547522739,"22 Dec 2023 06:00"
2954712643,BTC,,,,Sell,30,1,30,"22 Dec 2023 06:00"
2954712643,BTC,,,,Sell,30,1,30,"22 Dec 2023 06:00"
2954712643,BTC,,,,Sell,30,1,30,"22 Dec 2023 06:00"
3822812642,USDC,,,,Buy,300000,1,300000,"22 Dec 2023 06:00"
3822812642,USDC,,,,Buy,300000,1,300000,"22 Dec 2023 06:00"
3822812642,USDC,,,,Buy,300000,1,300000,"22 Dec 2023 06:00"
3822812642,USDC,,,,Buy,300000,1,300000,"22 Dec 2023 06:00"
3822812642,USDC,,,,Buy,300000,1,300000,"22 Dec 2023 06:00"
3822812642,USDC,,,,Buy,300000,1,300000,"22 Dec 2023 06:00"
3822812642,USDC,,,,Buy,300000,1,300000,"22 Dec 2023 06:00"
3822812642,USDC,,,,Buy,300000,1,300000,"22 Dec 2023 06:00"
3822812642,USDC,,,,Buy,300000,1,300000,"22 Dec 2023 06:00"
3822812642,USDC,,,,Buy,300000,1,300000,"22 Dec 2023 06:00"
3822812642,USDC,,,,Buy,300000,1,300000,"22 Dec 2023 06:00"
3822812642,USDC,,,,Buy,300000,1,300000,"22 Dec 2023 06:00"
6989012641,BTC,,,,Buy,30,1,30,"22 Dec 2023 06:00"
6989012641,BTC,,,,Buy,30,1,30,"22 Dec 2023 06:00"
6989012641,BTC,,,,Buy,30,1,30,"22 Dec 2023 06:00"
4325512640,USDT,,,,Buy,300000,1,300000,"22 Dec 2023 06:00"
4325512640,USDT,,,,Buy,300000,1,300000,"22 Dec 2023 06:00"
4325512640,USDT,,,,Buy,300000,1,300000,"22 Dec 2023 06:00"
4325512640,USDT,,,,Buy,300000,1,300000,"22 Dec 2023 06:00"
4325512640,USDT,,,,Buy,300000,1,300000,"22 Dec 2023 06:00"
4325512640,USDT,,,,Buy,300000,1,300000,"22 Dec 2023 06:00"
4325512640,USDT,,,,Buy,300000,1,300000,"22 Dec 2023 06:00"
4325512640,USDT,,,,Buy,300000,1,300000,"22 Dec 2023 06:00"
4325512640,USDT,,,,Buy,300000,1,300000,"22 Dec 2023 06:00"
4325512640,USDT,,,,Buy,300000,1,300000,"22 Dec 2023 06:00"
4325512640,USDT,,,,Buy,300000,1,300000,"22 Dec 2023 06:00"
5704012639,ETH,,,,Buy,30000,1,30000,"22 Dec 2023 06:00"
5704012639,ETH,,,,Buy,30000,1,30000,"22 Dec 2023 06:00"
5704012639,ETH,,,,Buy,30000,1,30000,"22 Dec 2023 06:00"
5704012639,ETH,,,,Buy,30000,1,30000,"22 Dec 2023 06:00"
5704012639,ETH,,,,Buy,30000,1,30000,"22 Dec 2023 06:00"
5704012639,ETH,,,,Buy,30000,1,30000,"22 Dec 2023 06:00"
3464312638,BTC,,,,Buy,30000,1,30000,"22 Dec 2023 06:00"
3464312638,BTC,,,,Buy,30000,1,30000,"22 Dec 2023 06:00"
3464312638,BTC,,,,Buy,30000,1,30000,"22 Dec 2023 06:00"
3832212637,USDT,,,,Buy,1,1,1,"22 Dec 2023 06:00"
3832212637,USDT,,,,Buy,1,1,1,"22 Dec 2023 06:00"
3832212637,USDT,,,,Buy,1,1,1,"22 Dec 2023 06:00"
3832212637,USDT,,,,Buy,1,1,1,"22 Dec 2023 06:00"
3832212637,USDT,,,,Buy,1,1,1,"22 Dec 2023 06:00"
3832212637,USDT,,,,Buy,1,1,1,"22 Dec 2023 06:00"
3832212637,USDT,,,,Buy,1,1,1,"22 Dec 2023 06:00"
3832212637,USDT,,,,Buy,1,1,1,"22 Dec 2023 06:00"
3832212637,USDT,,,,Buy,1,1,1,"22 Dec 2023 06:00"
3832212637,USDT,,,,Buy,1,1,1,"22 Dec 2023 06:00"
3832212637,USDT,,,,Buy,1,1,1,"22 Dec 2023 06:00"
7541012636,ETH,,,,Buy,3000,0.06085472185114,182.56416555342,"22 Dec 2023 06:00"
7541012636,ETH,,,,Buy,3000,0.06085472185114,182.56416555342,"22 Dec 2023 06:00"
7541012636,ETH,,,,Buy,3000,0.06085472185114,182.56416555342,"22 Dec 2023 06:00"
7541012636,ETH,,,,Buy,3000,0.06085472185114,182.56416555342,"22 Dec 2023 06:00"
7541012636,ETH,,,,Buy,3000,0.06085472185114,182.56416555342,"22 Dec 2023 06:00"
7541012636,ETH,,,,Buy,3000,0.06085472185114,182.56416555342,"22 Dec 2023 06:00"
7708612635,ETH,,,,Buy,0,120708000,0,"22 Dec 2023 06:00"
7708612635,ETH,,,,Buy,0,120708000,0,"22 Dec 2023 06:00"
7708612635,ETH,,,,Buy,0,120708000,0,"22 Dec 2023 06:00"
7708612635,ETH,,,,Buy,0,120708000,0,"22 Dec 2023 06:00"
7708612635,ETH,,,,Buy,0,120708000,0,"22 Dec 2023 06:00"
7708612635,ETH,,,,Buy,0,120708000,0,"22 Dec 2023 06:00"
9232012634,ETH,,,,Buy,111,0.012017295146968,1.3339197613134,"22 Dec 2023 05:37"
9232012634,ETH,,,,Buy,111,0.012017295146968,1.3339197613134,"22 Dec 2023 05:37"
9232012634,ETH,,,,Buy,111,0.012017295146968,1.3339197613134,"22 Dec 2023 05:37"
9232012634,ETH,,,,Buy,111,0.012017295146968,1.3339197613134,"22 Dec 2023 05:37"
9232012634,ETH,,,,Buy,111,0.012017295146968,1.3339197613134,"22 Dec 2023 05:37"
9232012634,ETH,,,,Buy,111,0.012017295146968,1.3339197613134,"22 Dec 2023 05:37"
4374012633,BCH,,,,Buy,1111,432.76770914317,480804.92485806,"21 Dec 2023 03:07"
4374012633,BCH,,,,Buy,1111,432.76770914317,480804.92485806,"21 Dec 2023 03:07"
5026312630,BNB,,,,Buy,111111,1.3223457779375,146927.16173241,"21 Dec 2023 02:46"
5026312630,BNB,,,,Buy,111111,1.3223457779375,146927.16173241,"21 Dec 2023 02:46"
5026312630,BNB,,,,Buy,111111,1.3223457779375,146927.16173241,"21 Dec 2023 02:46"
5026312630,BNB,,,,Buy,111111,1.3223457779375,146927.16173241,"21 Dec 2023 02:46"
5026312630,BNB,,,,Buy,111111,1.3223457779375,146927.16173241,"21 Dec 2023 02:46"
3330612629,USDT,,,,Buy,1111,0.00032460824268165,0.36063975761931,"21 Dec 2023 02:44"
3330612629,USDT,,,,Buy,1111,0.00032460824268165,0.36063975761931,"21 Dec 2023 02:44"
3330612629,USDT,,,,Buy,1111,0.00032460824268165,0.36063975761931,"21 Dec 2023 02:44"
3330612629,USDT,,,,Buy,1111,0.00032460824268165,0.36063975761931,"21 Dec 2023 02:44"
3330612629,USDT,,,,Buy,1111,0.00032460824268165,0.36063975761931,"21 Dec 2023 02:44"
3330612629,USDT,,,,Buy,1111,0.00032460824268165,0.36063975761931,"21 Dec 2023 02:44"
3330612629,USDT,,,,Buy,1111,0.00032460824268165,0.36063975761931,"21 Dec 2023 02:44"
3330612629,USDT,,,,Buy,1111,0.00032460824268165,0.36063975761931,"21 Dec 2023 02:44"
3330612629,USDT,,,,Buy,1111,0.00032460824268165,0.36063975761931,"21 Dec 2023 02:44"
3330612629,USDT,,,,Buy,1111,0.00032460824268165,0.36063975761931,"21 Dec 2023 02:44"
3330612629,USDT,,,,Buy,1111,0.00032460824268165,0.36063975761931,"21 Dec 2023 02:44"
5959312628,BTC,,,,Buy,111,0.0041154086455056,0.45681035965112,"21 Dec 2023 02:27"
5959312628,BTC,,,,Buy,111,0.0041154086455056,0.45681035965112,"21 Dec 2023 02:27"
5959312628,BTC,,,,Buy,111,0.0041154086455056,0.45681035965112,"21 Dec 2023 02:27"
5627212182,BTC,,,,Buy,11111,7.5284006154464E-7,0.0083648059238225,"24 Nov 2023 02:42"
5627212182,BTC,,,,Buy,11111,7.5284006154464E-7,0.0083648059238225,"24 Nov 2023 02:42"
5627212182,BTC,,,,Buy,11111,7.5284006154464E-7,0.0083648059238225,"24 Nov 2023 02:42"
9394312023,ETH,,,,Buy,11,0.27241992999334,2.9966192299267,"04 Nov 2023 03:03"
9394312023,ETH,,,,Buy,11,0.27241992999334,2.9966192299267,"04 Nov 2023 03:03"
9394312023,ETH,,,,Buy,11,0.27241992999334,2.9966192299267,"04 Nov 2023 03:03"
9394312023,ETH,,,,Buy,11,0.27241992999334,2.9966192299267,"04 Nov 2023 03:03"
9394312023,ETH,,,,Buy,11,0.27241992999334,2.9966192299267,"04 Nov 2023 03:03"
9394312023,ETH,,,,Buy,11,0.27241992999334,2.9966192299267,"04 Nov 2023 03:03"
5186012022,BTC,,,,Buy,111,7.356073717192,816.52418260831,"04 Nov 2023 03:01"
5186012022,BTC,,,,Buy,111,7.356073717192,816.52418260831,"04 Nov 2023 03:01"
5186012022,BTC,,,,Buy,111,7.356073717192,816.52418260831,"04 Nov 2023 03:01"
9502612021,BTC,,,,Buy,11111,7.356073717192,81733.33507172,"04 Nov 2023 03:00"
9502612021,BTC,,,,Buy,11111,7.356073717192,81733.33507172,"04 Nov 2023 03:00"
9502612021,BTC,,,,Buy,11111,7.356073717192,81733.33507172,"04 Nov 2023 03:00"
7961612017,BTC,,,,Buy,1111,360.24741792663,400234.88131649,"04 Nov 2023 02:17"
7961612017,BTC,,,,Buy,1111,360.24741792663,400234.88131649,"04 Nov 2023 02:17"
7961612017,BTC,,,,Buy,1111,360.24741792663,400234.88131649,"04 Nov 2023 02:17"
7800912016,BTC,,,,Buy,1111,420.28865424774,466940.69486924,"04 Nov 2023 01:48"
7800912016,BTC,,,,Buy,1111,420.28865424774,466940.69486924,"04 Nov 2023 01:48"
7800912016,BTC,,,,Buy,1111,420.28865424774,466940.69486924,"04 Nov 2023 01:48"
8814412015,BTC,,,,Buy,1111,420.28865424774,466940.69486924,"04 Nov 2023 01:46"
8814412015,BTC,,,,Buy,1111,420.28865424774,466940.69486924,"04 Nov 2023 01:46"
8814412015,BTC,,,,Buy,1111,420.28865424774,466940.69486924,"04 Nov 2023 01:46"
8720311933,BNB,,,,Buy,99999999.99,0.026879180083302,2687918.0080614,"29 Oct 2023 03:17"
8720311933,BNB,,,,Buy,99999999.99,0.026879180083302,2687918.0080614,"29 Oct 2023 03:17"
8720311933,BNB,,,,Buy,99999999.99,0.026879180083302,2687918.0080614,"29 Oct 2023 03:17"
8720311933,BNB,,,,Buy,99999999.99,0.026879180083302,2687918.0080614,"29 Oct 2023 03:17"
8720311933,BNB,,,,Buy,99999999.99,0.026879180083302,2687918.0080614,"29 Oct 2023 03:17"
8959511932,BNB,,,,Buy,99999999.99,0.026879180083302,2687918.0080614,"29 Oct 2023 03:15"
8959511932,BNB,,,,Buy,99999999.99,0.026879180083302,2687918.0080614,"29 Oct 2023 03:15"
8959511932,BNB,,,,Buy,99999999.99,0.026879180083302,2687918.0080614,"29 Oct 2023 03:15"
8959511932,BNB,,,,Buy,99999999.99,0.026879180083302,2687918.0080614,"29 Oct 2023 03:15"
8959511932,BNB,,,,Buy,99999999.99,0.026879180083302,2687918.0080614,"29 Oct 2023 03:15"
1278611928,BSV,,,,Buy,11111,1111,12344321,"29 Oct 2023 01:48"
1278611928,BSV,,,,Buy,11111,1111,12344321,"29 Oct 2023 01:48"
2415911927,BCH,,,,Buy,11111,11111,123454321,"29 Oct 2023 01:22"
2415911927,BCH,,,,Buy,11111,11111,123454321,"29 Oct 2023 01:22"
8638611926,ETH,,,,Buy,11111,1111,12344321,"29 Oct 2023 01:21"
8638611926,ETH,,,,Buy,11111,1111,12344321,"29 Oct 2023 01:21"
8638611926,ETH,,,,Buy,11111,1111,12344321,"29 Oct 2023 01:21"
8638611926,ETH,,,,Buy,11111,1111,12344321,"29 Oct 2023 01:21"
8638611926,ETH,,,,Buy,11111,1111,12344321,"29 Oct 2023 01:21"
8638611926,ETH,,,,Buy,11111,1111,12344321,"29 Oct 2023 01:21"
1484411925,BTC,,,,Buy,11111,35,388885,"29 Oct 2023 01:19"
1484411925,BTC,,,,Buy,11111,35,388885,"29 Oct 2023 01:19"
1484411925,BTC,,,,Buy,11111,35,388885,"29 Oct 2023 01:19"
9820611924,BCH,,,,Buy,111111,3.15,349999.65,"29 Oct 2023 01:18"
9820611924,BCH,,,,Buy,111111,3.15,349999.65,"29 Oct 2023 01:18"
5796611923,USDC,,,,Buy,111111,111,12333321,"29 Oct 2023 00:58"
5796611923,USDC,,,,Buy,111111,111,12333321,"29 Oct 2023 00:58"
5796611923,USDC,,,,Buy,111111,111,12333321,"29 Oct 2023 00:58"
5796611923,USDC,,,,Buy,111111,111,12333321,"29 Oct 2023 00:58"
5796611923,USDC,,,,Buy,111111,111,12333321,"29 Oct 2023 00:58"
5796611923,USDC,,,,Buy,111111,111,12333321,"29 Oct 2023 00:58"
5796611923,USDC,,,,Buy,111111,111,12333321,"29 Oct 2023 00:58"
5796611923,USDC,,,,Buy,111111,111,12333321,"29 Oct 2023 00:58"
5796611923,USDC,,,,Buy,111111,111,12333321,"29 Oct 2023 00:58"
5796611923,USDC,,,,Buy,111111,111,12333321,"29 Oct 2023 00:58"
5796611923,USDC,,,,Buy,111111,111,12333321,"29 Oct 2023 00:58"
5796611923,USDC,,,,Buy,111111,111,12333321,"29 Oct 2023 00:58"
8886911706,PYUSD,,,,Buy,111111,30,3333330,"30 Sep 2023 22:22"
2311211705,BCH,,,,Buy,30000,28,840000,"30 Sep 2023 22:20"
2311211705,BCH,,,,Buy,30000,28,840000,"30 Sep 2023 22:20"
6755211704,BTG,,,,Buy,100000,28,2800000,"30 Sep 2023 22:19"
1268011703,BTC,,,,Buy,10000,28,280000,"30 Sep 2023 22:18"
1268011703,BTC,,,,Buy,10000,28,280000,"30 Sep 2023 22:18"
1268011703,BTC,,,,Buy,10000,28,280000,"30 Sep 2023 22:18"
5862611702,BTC,,,,Buy,30,28,840,"30 Sep 2023 22:18"
5862611702,BTC,,,,Buy,30,28,840,"30 Sep 2023 22:18"
5862611702,BTC,,,,Buy,30,28,840,"30 Sep 2023 22:18"
3996911701,BTC,,,,Sell,10,27,270,"30 Sep 2023 22:14"
3996911701,BTC,,,,Sell,10,27,270,"30 Sep 2023 22:14"
3996911701,BTC,,,,Sell,10,27,270,"30 Sep 2023 22:14"
4336311700,ETH,,,,Buy,11111,0.36067424443254,4007.45152989,"30 Sep 2023 21:45"
4336311700,ETH,,,,Buy,11111,0.36067424443254,4007.45152989,"30 Sep 2023 21:45"
4336311700,ETH,,,,Buy,11111,0.36067424443254,4007.45152989,"30 Sep 2023 21:45"
4336311700,ETH,,,,Buy,11111,0.36067424443254,4007.45152989,"30 Sep 2023 21:45"
4336311700,ETH,,,,Buy,11111,0.36067424443254,4007.45152989,"30 Sep 2023 21:45"
4336311700,ETH,,,,Buy,11111,0.36067424443254,4007.45152989,"30 Sep 2023 21:45"
5844711678,BTC,,,,Buy,10,229.07440293204,2290.7440293204,"13 Sep 2023 02:34"
5844711678,BTC,,,,Buy,10,229.07440293204,2290.7440293204,"13 Sep 2023 02:34"
5844711678,BTC,,,,Buy,10,229.07440293204,2290.7440293204,"13 Sep 2023 02:34"
5211611677,BCH,,,,Buy,11111,0.0010851001280478,12.056547522739,"13 Sep 2023 02:19"
5211611677,BCH,,,,Buy,11111,0.0010851001280478,12.056547522739,"13 Sep 2023 02:19"
6600911676,ETH,,,,Buy,11111,0.0010851001280478,12.056547522739,"13 Sep 2023 02:15"
6600911676,ETH,,,,Buy,11111,0.0010851001280478,12.056547522739,"13 Sep 2023 02:15"
6600911676,ETH,,,,Buy,11111,0.0010851001280478,12.056547522739,"13 Sep 2023 02:15"
6600911676,ETH,,,,Buy,11111,0.0010851001280478,12.056547522739,"13 Sep 2023 02:15"
6600911676,ETH,,,,Buy,11111,0.0010851001280478,12.056547522739,"13 Sep 2023 02:15"
6600911676,ETH,,,,Buy,11111,0.0010851001280478,12.056547522739,"13 Sep 2023 02:15"
2423811288,BTC,,,,Sell,30,1,30,"05 Jul 2023 04:02"
2423811288,BTC,,,,Sell,30,1,30,"05 Jul 2023 04:02"
2423811288,BTC,,,,Sell,30,1,30,"05 Jul 2023 04:02"
7693311287,USDC,,,,Buy,300000,1,300000,"05 Jul 2023 04:02"
7693311287,USDC,,,,Buy,300000,1,300000,"05 Jul 2023 04:02"
7693311287,USDC,,,,Buy,300000,1,300000,"05 Jul 2023 04:02"
7693311287,USDC,,,,Buy,300000,1,300000,"05 Jul 2023 04:02"
7693311287,USDC,,,,Buy,300000,1,300000,"05 Jul 2023 04:02"
7693311287,USDC,,,,Buy,300000,1,300000,"05 Jul 2023 04:02"
7693311287,USDC,,,,Buy,300000,1,300000,"05 Jul 2023 04:02"
7693311287,USDC,,,,Buy,300000,1,300000,"05 Jul 2023 04:02"
7693311287,USDC,,,,Buy,300000,1,300000,"05 Jul 2023 04:02"
7693311287,USDC,,,,Buy,300000,1,300000,"05 Jul 2023 04:02"
7693311287,USDC,,,,Buy,300000,1,300000,"05 Jul 2023 04:02"
7693311287,USDC,,,,Buy,300000,1,300000,"05 Jul 2023 04:02"
5635611286,BTC,,,,Buy,30,1,30,"05 Jul 2023 03:47"
5635611286,BTC,,,,Buy,30,1,30,"05 Jul 2023 03:47"
5635611286,BTC,,,,Buy,30,1,30,"05 Jul 2023 03:47"
8703811285,USDT,,,,Buy,300000,1,300000,"05 Jul 2023 03:32"
8703811285,USDT,,,,Buy,300000,1,300000,"05 Jul 2023 03:32"
8703811285,USDT,,,,Buy,300000,1,300000,"05 Jul 2023 03:32"
8703811285,USDT,,,,Buy,300000,1,300000,"05 Jul 2023 03:32"
8703811285,USDT,,,,Buy,300000,1,300000,"05 Jul 2023 03:32"
8703811285,USDT,,,,Buy,300000,1,300000,"05 Jul 2023 03:32"
8703811285,USDT,,,,Buy,300000,1,300000,"05 Jul 2023 03:32"
8703811285,USDT,,,,Buy,300000,1,300000,"05 Jul 2023 03:32"
8703811285,USDT,,,,Buy,300000,1,300000,"05 Jul 2023 03:32"
8703811285,USDT,,,,Buy,300000,1,300000,"05 Jul 2023 03:32"
8703811285,USDT,,,,Buy,300000,1,300000,"05 Jul 2023 03:32"
3727011284,ETH,,,,Buy,30000,1,30000,"05 Jul 2023 03:30"
3727011284,ETH,,,,Buy,30000,1,30000,"05 Jul 2023 03:30"
3727011284,ETH,,,,Buy,30000,1,30000,"05 Jul 2023 03:30"
3727011284,ETH,,,,Buy,30000,1,30000,"05 Jul 2023 03:30"
3727011284,ETH,,,,Buy,30000,1,30000,"05 Jul 2023 03:30"
3727011284,ETH,,,,Buy,30000,1,30000,"05 Jul 2023 03:30"
8282211283,BTC,,,,Buy,30000,1,30000,"05 Jul 2023 03:07"
8282211283,BTC,,,,Buy,30000,1,30000,"05 Jul 2023 03:07"
8282211283,BTC,,,,Buy,30000,1,30000,"05 Jul 2023 03:07"
8708511282,USDT,,,,Buy,1,1,1,"05 Jul 2023 03:06"
8708511282,USDT,,,,Buy,1,1,1,"05 Jul 2023 03:06"
8708511282,USDT,,,,Buy,1,1,1,"05 Jul 2023 03:06"
8708511282,USDT,,,,Buy,1,1,1,"05 Jul 2023 03:06"
8708511282,USDT,,,,Buy,1,1,1,"05 Jul 2023 03:06"
8708511282,USDT,,,,Buy,1,1,1,"05 Jul 2023 03:06"
8708511282,USDT,,,,Buy,1,1,1,"05 Jul 2023 03:06"
8708511282,USDT,,,,Buy,1,1,1,"05 Jul 2023 03:06"
8708511282,USDT,,,,Buy,1,1,1,"05 Jul 2023 03:06"
8708511282,USDT,,,,Buy,1,1,1,"05 Jul 2023 03:06"
8708511282,USDT,,,,Buy,1,1,1,"05 Jul 2023 03:06"
5026810114,ETH,,,,Buy,3000,0.06085472185114,182.56416555342,"03 Jun 2023 03:38"
5026810114,ETH,,,,Buy,3000,0.06085472185114,182.56416555342,"03 Jun 2023 03:38"
5026810114,ETH,,,,Buy,3000,0.06085472185114,182.56416555342,"03 Jun 2023 03:38"
5026810114,ETH,,,,Buy,3000,0.06085472185114,182.56416555342,"03 Jun 2023 03:38"
5026810114,ETH,,,,Buy,3000,0.06085472185114,182.56416555342,"03 Jun 2023 03:38"
5026810114,ETH,,,,Buy,3000,0.06085472185114,182.56416555342,"03 Jun 2023 03:38"
9674710113,BNB,,,,Buy,30000,0.36512833110684,10953.849933205,"03 Jun 2023 03:34"
9674710113,BNB,,,,Buy,30000,0.36512833110684,10953.849933205,"03 Jun 2023 03:34"
9674710113,BNB,,,,Buy,30000,0.36512833110684,10953.849933205,"03 Jun 2023 03:34"
9674710113,BNB,,,,Buy,30000,0.36512833110684,10953.849933205,"03 Jun 2023 03:34"
9674710113,BNB,,,,Buy,30000,0.36512833110684,10953.849933205,"03 Jun 2023 03:34"
262102347,ETH,,,,Buy,0,120708000,0,"16 Nov 2022 20:30"
262102347,ETH,,,,Buy,0,120708000,0,"16 Nov 2022 20:30"
262102347,ETH,,,,Buy,0,120708000,0,"16 Nov 2022 20:30"
262102347,ETH,,,,Buy,0,120708000,0,"16 Nov 2022 20:30"
262102347,ETH,,,,Buy,0,120708000,0,"16 Nov 2022 20:30"
262102347,ETH,,,,Buy,0,120708000,0,"16 Nov 2022 20:30"
